Workbook

Sheet 📖 Hướng dẫn sử dụng
B1: 📊 KHUNG PHÂN TÍCH CONTENT VIDEO ĐA NỀN TẢNG: TIKTOK + FACEBOOK
B2: Áp dụng cho TikTok, Facebook Reels, Facebook Feed Video, Facebook Watch, Instagram Reels và các biến thể short-form liên quan
B4: 🗂️ CÁC SHEET TRONG FILE
B5: Sheet | C5: Mô tả | D5: Ghi chú
B6: 📖 Hướng dẫn sử dụng | C6: Giải thích khung đa nền tảng, nguồn dữ liệu và quy tắc chấm điểm | D6: Không chỉnh sửa
B7: 📋 Dữ liệu Video | C7: Nhập metadata, nền tảng và số liệu hiệu suất của từng video | D7: Sheet nhập liệu chính
B8: 🎬 Phân tích Phân cảnh | C8: Phân tích Hook / Thân / Kết cho từng video | D8: Nhập sau khi xem video
B9: ⭐ Bảng Điểm Tổng hợp | C9: Tổng hợp điểm và phục vụ so sánh chéo video | D9: Tự động tính
B10: 📐 Thang điểm & Trọng số | C10: Giữ benchmark TikTok hiện có và bổ sung benchmark Facebook tham khảo | D10: Tham khảo khi chấm điểm
B12: 📌 NHÓM TIÊU CHÍ & TRỌNG SỐ
B13: Nhóm tiêu chí | C13: Mô tả | D13: Trọng số (%)
B14: A. Thông tin định danh | C14: STT, link, ngày đăng, nền tảng, mùa lễ hội, loại quảng cáo | D14: —
B15: B. Metadata Video | C15: Thời lượng, thể loại, sản phẩm, CTA, bối cảnh phân phối | D15: —
B16: C. Chỉ số tương tác (Engagement) | C16: Views, likes/reactions, comments, shares, saves, completion/watch rate, CTR | D16: 35%
B17: D. Chỉ số tăng trưởng (Growth) | C17: Follow mới, điểm bắt trend | D17: 10%
B18: E. Chất lượng nội dung – Hook | C18: Giữ nguyên cấu trúc Hook; với Facebook có thể đánh giá trong 3–5 giây đầu | D18: 25%
B19: F. Chất lượng nội dung – Thân | C19: Luồng lập luận, bằng chứng, social proof, điểm gãy | D19: 20%
B20: G. Chất lượng nội dung – Kết/CTA | C20: Chốt thông điệp và lời kêu gọi hành động rõ ràng | D20: 10%
B21: H. Điểm tổng hợp (Composite) | C21: Giữ nguyên công thức hiện có để so sánh nhất quán | D21: 100%
B23: 🔎 NGUỒN SỐ LIỆU THEO NỀN TẢNG
B24: TikTok | C24: TikTok Studio / TikTok Creative Center / TikTok Shop Analytics | D24: Ưu tiên dùng Completion Rate, CTR giỏ/link, Saves
B25: Facebook | C25: Business Suite / Meta Ads Manager / Facebook Page Insights | D25: Đối chiếu ThruPlay, Average Watch Time, 3-second video views, Link CTR
B26: Lưu ý | C26: Facebook có Reactions phân loại Love/Haha/Wow/Sad/Angry; TikTok không có | D26: Reactions chi tiết dùng để chẩn đoán cảm xúc, chưa cộng riêng vào composite
B28: ✍️ HƯỚNG DẪN NHẬP LIỆU
B29: Bước 1 | C29: Xem video và ghi lại URL/link, chọn đúng nền tảng tại sheet '📋 Dữ liệu Video'
B30: Bước 2 | C30: Điền metadata và chỉ số từ nguồn phù hợp: TikTok Studio/TikTok Creative Center hoặc Business Suite/Meta Ads Manager/Facebook Insights
B31: Bước 3 | C31: Với Facebook, quy đổi chỉ số tương đương trước khi nhập: ThruPlay hoặc watch rate dùng để tham chiếu Completion Rate; Link CTR dùng cho CTR
B32: Bước 4 | C32: Xem lại video, phân tích theo 3 giai đoạn Hook / Thân / Kết tại sheet '🎬 Phân tích Phân cảnh'
B33: Bước 5 | C33: Sheet '⭐ Bảng Điểm Tổng hợp' dùng cùng khung composite để so sánh chéo video
B34: Mẹo | C34: Luôn lọc theo nền tảng trước khi so benchmark; benchmark Facebook trong file là ước lượng tham khảo theo thông lệ ngành
B36: 📐 CÔNG THỨC TÍNH ĐIỂM & TƯƠNG QUAN
B37: Công thức | C37: Cách tính | D37: Ngưỡng / Ghi chú
B38: Engagement Rate (ER) | C38: =(Likes/Reaction + Comments + Shares + Saves) / Views × 100% | D38: TikTok thường cao hơn Facebook; xem thêm benchmark riêng tại sheet '📐 Thang điểm & Trọng số'
B39: Completion / Watch Rate | C39: =Lượt xem hết hoặc chỉ số tương đương / Tổng lượt xem × 100% | D39: Facebook có thể tham chiếu ThruPlay, Average Watch Time, 3-second video views tùy nguồn
B40: CTR CTA / Giỏ hàng | C40: =Lượt nhấp CTA hoặc link / Tổng lượt xem × 100% | D40: Dùng Link CTR hoặc outbound CTR nếu không có TikTok Shop
B41: Điểm Nội dung | C41: =Hook×0.45 + Thân×0.35 + Kết×0.20 | D41: Giữ nguyên thang 1–10
B42: Điểm Tổng (Composite) | C42: =ER×0.35 + CompRate×0.15 + CTR×0.15 + DiemNoiDung×0.25 + GrowthScore×0.10 | D42: Giữ nguyên cấu trúc TikTok để so sánh nhất quán
B43: Hệ số tương quan Pearson | C43: Dùng =CORREL(range1, range2) để so sánh Hook, watch rate, CTR theo từng nền tảng hoặc giữa 2 nền tảng | D43: Nên lọc riêng TikTok và Facebook trước khi kết luận

Sheet 📋 Dữ liệu Video
A1: A. THÔNG TIN ĐỊNH DANH | D1: B. METADATA VIDEO | K1: C. CHỈ SỐ TƯƠNG TÁC (ENGAGEMENT) | T1: D. TĂNG TRƯỞNG | W1: E. ĐIỂM TÍNH TOÁN
A2: STT | B2: Link Video | C2: Ngày đăng | D2: Nền tảng | E2: Mùa / Dịp lễ | F2: Loại quảng cáo | G2: Thời lượng (s) | H2: Sản phẩm | I2: Thể loại nội dung | J2: CTA chính | K2: Lượt xem | L2: Lượt thích | M2: Bình luận | N2: Lượt share | O2: Lượt lưu | P2: Xem hết | Q2: CTR Giỏ hàng(%) | R2: Completion Rate(%) | S2: ER (%) | T2: Follow mới | U2: Điểm trend (1-10) | V2: Ghi chú trend | W2: Điểm Nội dung | X2: Điểm Tổng hợp | Y2: Xếp hạng
A3: 1 | B3: https://tiktok.com/@channel/video/001 | C3: 2026-07-01 | D3: TikTok | E3: Thường | F3: Organic | G3: 45 | H3: Green Protein Shake | I3: Demo sản phẩm | J3: Mua ngay link bio | K3: 150000 | L3: 8500 | M3: 320 | N3: 1200 | O3: 950 | P3: 75000 | Q3: 2.5 | R3: =IF(K3>0,P3/K3*100,0) | S3: =IF(K3>0,(L3+M3+N3+O3)/K3*100,0) | T3: 120 | U3: 7 | V3: Bắt trend nhạc viral
A4: 2 | B4: https://facebook.com/example/reel/002 | C4: 2026-07-03 | D4: Facebook Reels | E4: Thường | F4: Paid | G4: 60 | H4: Collagen Vegan | I4: Testimonial khách hàng | J4: Nhấn xem thêm / Link mua hàng | K4: 230000 | L4: 7200 | M4: 640 | N4: 980 | O4: 510 | P4: 69000 | Q4: 1.1 | R4: =IF(K4>0,P4/K4*100,0) | S4: =IF(K4>0,(L4+M4+N4+O4)/K4*100,0) | T4: 210 | U4: 6 | V4: Creative chạy paid ổn định trên Meta
A5: 3 | B5: https://facebook.com/example/videos/003 | C5: 2026-07-05 | D5: Facebook Feed Video | E5: Rằm tháng 7 | F5: Organic | G5: 42 | H5: Omega-3 Vegan | I5: So sánh sản phẩm | J5: Nhắn tin nhận tư vấn | K5: 89000 | L5: 2400 | M5: 180 | N5: 210 | O5: 95 | P5: 18000 | Q5: 0.8 | R5: =IF(K5>0,P5/K5*100,0) | S5: =IF(K5>0,(L5+M5+N5+O5)/K5*100,0) | T5: 45 | U5: 4 | V5: Không dùng trend, tập trung educational angle
R6: =IF(K6>0,P6/K6*100,0) | S6: =IF(K6>0,(L6+M6+N6+O6)/K6*100,0)
R7: =IF(K7>0,P7/K7*100,0) | S7: =IF(K7>0,(L7+M7+N7+O7)/K7*100,0)
R8: =IF(K8>0,P8/K8*100,0) | S8: =IF(K8>0,(L8+M8+N8+O8)/K8*100,0)
R9: =IF(K9>0,P9/K9*100,0) | S9: =IF(K9>0,(L9+M9+N9+O9)/K9*100,0)
R10: =IF(K10>0,P10/K10*100,0) | S10: =IF(K10>0,(L10+M10+N10+O10)/K10*100,0)
R11: =IF(K11>0,P11/K11*100,0) | S11: =IF(K11>0,(L11+M11+N11+O11)/K11*100,0)
R12: =IF(K12>0,P12/K12*100,0) | S12: =IF(K12>0,(L12+M12+N12+O12)/K12*100,0)
R13: =IF(K13>0,P13/K13*100,0) | S13: =IF(K13>0,(L13+M13+N13+O13)/K13*100,0)
R14: =IF(K14>0,P14/K14*100,0) | S14: =IF(K14>0,(L14+M14+N14+O14)/K14*100,0)
R15: =IF(K15>0,P15/K15*100,0) | S15: =IF(K15>0,(L15+M15+N15+O15)/K15*100,0)
R16: =IF(K16>0,P16/K16*100,0) | S16: =IF(K16>0,(L16+M16+N16+O16)/K16*100,0)
R17: =IF(K17>0,P17/K17*100,0) | S17: =IF(K17>0,(L17+M17+N17+O17)/K17*100,0)
... R52: =IF(K52>0,P52/K52*100,0) | S52: =IF(K52>0,(L52+M52+N52+O52)/K52*100,0)

Sheet 🎬 Phân tích Phân cảnh
A1: ID VIDEO | C1: 🎯 HOOK – 5 GIÂY ĐẦU (Trọng số 45%) | P1: 📣 THÂN BÀI – NỘI DUNG CHÍNH (Trọng số 35%) | AA1: ✅ KẾT / CTA (Trọng số 20%)
A2: STT | B2: Link Video (tham chiếu) | C2: Lời thoại / Voice-over (5s) | D2: Góc máy | E2: Hành động chính | F2: Âm thanh / Nhạc nền | G2: Diễn viên / Nhân vật | H2: Bối cảnh / Setting | I2: Trang phục | J2: Pain point đề cập | K2: Có gây tò mò? (Y/N) | L2: Điểm Hook (1-10) | M2: Lý do điểm Hook | N2: Điểm gãy Hook? | O2: Timestamp điểm gãy | P2: Nội dung chính truyền đạt | Q2: Bằng chứng / Social proof | R2: So sánh sản phẩm (Y/N) | S2: Cách so sánh | T2: Điểm gãy thân bài (Y/N) | U2: Mô tả điểm gãy | V2: Timestamp điểm gãy | W2: Âm thanh thân bài | X2: Góc máy thân bài | Y2: Điểm thân bài (1-10) | Z2: Lý do điểm thân bài | AA2: Nội dung chốt vấn đề | AB2: Loại CTA | AC2: CTA rõ ràng? (Y/N) | AD2: Nội dung CTA | AE2: Điểm CTA (1-10) | AF2: Điểm KẾT tổng (1-10) | AG2: Điểm Nội dung (Auto)
A3: 1 | B3: Video 001 | C3: Bạn có biết protein từ thực vật vừa đủ vừa sạch? | D3: Close-up mặt | E3: Cầm hộp sản phẩm | F3: Nhạc lo-fi nhẹ | G3: Cô gái 25t | H3: Bếp hiện đại | I3: Áo trắng casual | J3: Thiếu protein khi ăn chay | K3: Y | L3: 8 | M3: Hook tốt vì câu hỏi gây tò mò ngay | N3: N | P3: Giải thích 3 lợi ích chính của sản phẩm | Q3: Review của 500 khách hàng | R3: Y | S3: So sánh với whey protein động vật | T3: N | W3: Nhạc tăng dần | X3: Mid-shot | Y3: 7 | Z3: Thông tin đủ nhưng hơi dài | AA3: Sản phẩm giải quyết đúng pain point | AB3: Swipe up mua ngay | AC3: Y | AD3: Link bio – giảm 20% hôm nay | AE3: 9 | AF3: 8 | AG3: =IFERROR(L3*0.45+Y3*0.35+AF3*0.20,"")
AG4: =IFERROR(L4*0.45+Y4*0.35+AF4*0.20,"")
AG5: =IFERROR(L5*0.45+Y5*0.35+AF5*0.20,"")
AG6: =IFERROR(L6*0.45+Y6*0.35+AF6*0.20,"")
AG7: =IFERROR(L7*0.45+Y7*0.35+AF7*0.20,"")
AG8: =IFERROR(L8*0.45+Y8*0.35+AF8*0.20,"")
AG9: =IFERROR(L9*0.45+Y9*0.35+AF9*0.20,"")
AG10: =IFERROR(L10*0.45+Y10*0.35+AF10*0.20,"")
AG11: =IFERROR(L11*0.45+Y11*0.35+AF11*0.20,"")
AG12: =IFERROR(L12*0.45+Y12*0.35+AF12*0.20,"")
AG13: =IFERROR(L13*0.45+Y13*0.35+AF13*0.20,"")
AG14: =IFERROR(L14*0.45+Y14*0.35+AF14*0.20,"")
AG15: =IFERROR(L15*0.45+Y15*0.35+AF15*0.20,"")
... AG52: =IFERROR(L52*0.45+Y52*0.35+AF52*0.20,"")

Sheet ⭐ Bảng Điểm Tổng hợp
A1: ⭐ BẢNG ĐIỂM TỔNG HỢP – VIDEO ANALYSIS ĐA NỀN TẢNG
A2: STT | B2: Link Video | C2: Sản phẩm | D2: Nền tảng | E2: Ngày đăng | F2: ER (%) | G2: Completion Rate (%) | H2: CTR Giỏ hàng (%) | I2: Điểm Hook | J2: Điểm Thân bài | K2: Điểm Kết/CTA | L2: Điểm Nội dung | M2: Điểm Tổng Composite | N2: Xếp hạng | O2: Phân loại
A3: Công thức Điểm Tổng (Composite) = ER×0.35 + Completion%×0.15 + CTR×0.15 + DiemNoiDung×0.25 + DiemTrend×0.10
A4: Khung điểm giữ nguyên cho TikTok; với Facebook hãy diễn giải theo benchmark tham khảo ở sheet '📐 Thang điểm & Trọng số'
A5: Điểm Nội dung = Hook×0.45 + ThânBài×0.35 + Kết×0.20 (thang 1–10)

Sheet 📐 Thang điểm & Trọng số
B1: 📐 THANG ĐIỂM CHI TIẾT & TRỌNG SỐ CÁC TIÊU CHÍ
B3: C. CHỈ SỐ TƯƠNG TÁC (Trọng số nhóm: 35%) | H3: 📘 BENCHMARK TIKTOK (khung hiện có)
B4: Tiêu chí | C4: Trọng số | D4: Ngưỡng điểm | E4: Mô tả chi tiết | F4: Benchmark ngành | H4: Chỉ số | I4: Mức tốt | J4: Mức rất tốt | K4: Ghi chú
B5: Lượt xem (Views) | C5: 8% | D5: 1=<1K | 3=1K-10K | 5=10K-50K | 7=50K-200K | 9=200K-1M | 10=>1M | E5: Chỉ số reach cơ bản. Video viral thường >500K views trong 48h đầu. | F5: Tốt: >50K | Rất tốt: >200K | H5: ER | I5: >3% | J5: >5% | K5: Phù hợp video organic/shop content ngắn, nhịp nhanh.
B6: Engagement Rate – ER | C6: 10% | D6: 1=<0.5% | 3=0.5-1% | 5=1-3% | 7=3-5% | 9=5-10% | 10=>10% | E6: ER = (Likes+Comments+Shares+Saves)/Views×100%. Đây là chỉ số quan trọng nhất phản ánh chất lượng nội dung. | F6: Tốt: >3% | Rất tốt: >5% | H6: Completion Rate | I6: >30% | J6: >50% | K6: Video ngắn có hook mạnh thường giữ chân tốt hơn.
B7: Completion Rate | C7: 8% | D7: 1=<10% | 3=10-20% | 5=20-35% | 7=35-50% | 9=50-70% | 10=>70% | E7: Tỉ lệ người xem hết video. Completion rate cao = nội dung hấp dẫn từ đầu đến cuối. | F7: Tốt: >30% | Rất tốt: >50% | H7: CTR CTA/Giỏ hàng | I7: >1% | J7: >3% | K7: Áp dụng khi có link bio, TikTok Shop hoặc CTA mua hàng rõ.
B8: CTR Giỏ hàng | C8: 9% | D8: 1=<0.3% | 3=0.3-0.7% | 5=0.7-1.5% | 7=1.5-3% | 9=3-5% | 10=>5% | E8: Tỉ lệ nhấp link mua hàng. Chỉ số này phản ánh trực tiếp hiệu quả bán hàng của video. | F8: Tốt: >1% | Rất tốt: >3% | H8: Saves | I8: >500 | J8: >2K | K8: Đặc biệt hữu ích với nội dung tips, công thức, checklist.
B9: Lượt lưu (Saves) | C9: 5% | D9: 1=<10 | 3=10-50 | 5=50-200 | 7=200-1K | 9=1K-5K | 10=>5K | E9: Lượt lưu cho thấy nội dung có giá trị tham khảo lâu dài – đặc biệt quan trọng cho sản phẩm dinh dưỡng. | F9: Tốt: >500 | Rất tốt: >2K
B11: D. CHỈ SỐ TĂNG TRƯỞNG (Trọng số nhóm: 10%) | H11: 📗 BENCHMARK FACEBOOK (ước lượng tham khảo theo thông lệ ngành)
B12: Tiêu chí | C12: Trọng số | D12: Ngưỡng điểm | E12: Mô tả chi tiết | F12: Benchmark ngành | H12: Chỉ số | I12: Mức tốt | J12: Mức rất tốt | K12: Ghi chú
B13: Follow mới từ video | C13: 5% | D13: 1=<5 | 3=5-20 | 5=20-100 | 7=100-500 | 9=500-2K | 10=>2K | E13: Số lượng follow mới nhờ một video. Quan trọng giai đoạn xây kênh từ 0. | F13: Tốt: >100 | Rất tốt: >500 | H13: ER | I13: ≈1-2% | J13: >2.5-3% | K13: Facebook thường có ER thấp hơn TikTok với cùng ngành; nên so trong cùng placement.
B14: Điểm bắt trend (1-10) | C14: 5% | D14: 1=Không trend | 4=Trend cũ | 7=Đang trend | 10=Là người tạo trend | E14: Đánh giá chủ quan mức độ video khai thác xu hướng âm nhạc/challenge/chủ đề viral. | F14: Nên bắt trend khi độ phủ >70% TikTok VN | H14: Completion / Watch Rate | I14: ≈15-25% | J14: >25-35% | K14: Video Feed/Watch dài hơn nên tỉ lệ xem hết thấp hơn; có thể tham chiếu ThruPlay hoặc watch rate.
H15: CTR CTA / Link | I15: ≈0.5-1.0% | J15: >1.0-1.8% | K15: Dùng link CTR, outbound CTR hoặc CTA click rate tùy báo cáo Meta.
B16: E. CHẤT LƯỢNG NỘI DUNG – HOOK (Trọng số nhóm: 25% | trong Điểm Nội dung: 45%) | H16: 3-second video views / Retention sớm | I16: Theo dõi xu hướng tăng | J16: Tăng rõ theo test | K16: Chỉ số chẩn đoán sớm cho hook; không thay thế hoàn toàn completion rate.
B17: Tiêu chí | C17: Trọng số | D17: Ngưỡng điểm | E17: Mô tả chi tiết | F17: Ví dụ tốt
B18: Điểm Hook tổng (1-10) | C18: 25% | D18: 1-3=Nhàm chán | 4-5=Bình thường | 6-7=Tốt | 8-9=Rất tốt | 10=Xuất sắc | E18: Đánh giá tổng thể 5s đầu: có gây tò mò không? Có đặt câu hỏi/shock/pain point không? Với Facebook có thể đánh giá linh hoạt trong 3–5 giây đầu do nhịp lướt chậm hơn. | F18: "Ăn chay 3 tháng, da tôi thay đổi không ngờ..." / Cầm đồ ăn vứt vào thùng gây shock | H18: 📝 QUY ĐỔI CHỈ SỐ META → KHUNG NÀY
B19: Pain point rõ ràng | C19: — | D19: Y = có nêu pain point rõ ràng ngay 5s đầu N = không có | E19: Nêu vấn đề khách hàng đang gặp phải: thiếu năng lượng, da xấu, thiếu protein khi chay,... | F19: "Bạn ăn chay mà luôn mệt mỏi? Đây là lý do..." | H19: Nguồn Meta | I19: Nhập vào cột | J19: Mức ưu tiên | K19: Ghi chú
B20: Lời thoại gây tò mò | C20: — | D20: Câu hỏi mở / câu khẳng định gây shock / con số bất ngờ | E20: Script hook quan trọng: phải có móc câu rõ ràng trong 3 giây đầu tiên. | F20: "90% người ăn chay đang thiếu chất này mà không biết" | H20: ThruPlay / video plays at 95%+ | I20: Completion Rate (%) | J20: Ưu tiên cao | K20: Dùng khi campaign tối ưu view/video completion.
B21: Góc máy & Bối cảnh | C21: — | D21: Close-up mặt = tạo kết nối | Overhead = demo sản phẩm | Wide = lifestyle | E21: Góc máy close-up mặt người dùng tăng empathy. Bối cảnh sạch, ánh sáng tốt. | F21: Close-up mặt người dùng kết hợp sản phẩm cầm tay | H21: Average Watch Time + tỉ lệ xem các mốc | I21: Completion Rate (%) | J21: Ưu tiên trung bình | K21: Nếu không có completion trực tiếp, dùng để ước lượng chất lượng giữ chân.
H22: Link CTR / Outbound CTR | I22: CTR Giỏ hàng (%) | J22: Ưu tiên cao | K22: Chọn đúng chỉ số gần nhất với hành vi click CTA.
B23: F. CHẤT LƯỢNG NỘI DUNG – THÂN BÀI (Trọng số nhóm: 20% | trong Điểm ND: 35%) | H23: Love/Haha/Wow/Sad/Angry | I23: Ghi chú định tính | J23: Bổ trợ | K23: Không cộng riêng vào composite nhưng hữu ích để đọc cảm xúc phản hồi.
B24: Tiêu chí | C24: Trọng số | D24: Ngưỡng điểm | E24: Mô tả chi tiết | F24: Ví dụ tốt
B25: Điểm Thân bài (1-10) | C25: 20% | D25: 1-3=Rối rắm | 4-5=Thiếu logic | 6-7=Rõ ràng | 8-9=Thuyết phục | 10=Chuyển đổi cao | E25: Đánh giá mạch nội dung: có logic không, có bằng chứng không, có giữ được sự chú ý không. | F25: Giải thích 3 lợi ích + dẫn review khách hàng + demo trực tiếp
B26: Bằng chứng / Social proof | C26: — | D26: 0=Không có | 1=Tuyên bố suông | 2=Review | 3=Số liệu+Review+Demo | E26: Social proof giúp tăng niềm tin: review video, số lượng người dùng, chứng chỉ,... | F26: "Hơn 10,000 khách hàng đã tin dùng – review thật 100%"
B27: So sánh sản phẩm | C27: — | D27: Y = có so sánh với đối thủ hoặc sản phẩm khác N = không | E27: So sánh giúp định vị sản phẩm: so với whey protein thường, collagen từ động vật,... | F27: Bảng so sánh: Vegan Collagen vs Collagen cá – độ hấp thụ, nguồn gốc, đạo đức
B28: Điểm gãy (nói dông dài) | C28: — | D28: Y = có đoạn dông dài làm người xem rời đi N = không | E28: Xác định timestamp mà Completion Rate giảm mạnh = điểm gãy cần cắt. | F28: Nếu >15% người xem rời đi tại giây X → cắt/edit lại đoạn đó
B30: G. CHẤT LƯỢNG NỘI DUNG – KẾT / CTA (Trọng số nhóm: 10% | trong Điểm ND: 20%)
B31: Tiêu chí | C31: Trọng số | D31: Ngưỡng điểm | E31: Mô tả chi tiết | F31: Ví dụ tốt
B32: Điểm Kết/CTA (1-10) | C32: 10% | D32: 1-3=Không có CTA | 4-5=CTA mờ | 6-7=CTA rõ | 8-9=CTA + urgency | 10=CTA + urgency + offer | E32: CTA phải rõ ràng, có urgency và kèm offer nếu có. Không để người xem đoán phải làm gì. | F32: "Mua ngay hôm nay – giảm 30% chỉ còn 24h – link bio"
B33: Loại CTA | C33: — | D33: Phân loại: Link bio | Comment từ khóa | DM | Swipe up | Tag bạn | Follow | E33: Mỗi loại CTA phù hợp với mục tiêu khác nhau. Bán hàng nên dùng Link bio hoặc Comment từ khóa. | F33: Comment "COLLAGEN" để nhận báo giá – tăng engagement và warm lead
B34: Urgency / Scarcity | C34: — | D34: Y = có yếu tố khan hiếm / giới hạn thời gian N = không | E34: Urgency tăng tỉ lệ click: 'chỉ còn 50 suất', 'flash sale 2h', 'ưu đãi hết ngày hôm nay'. | F34: "Flash sale – chỉ còn 2 tiếng – đừng bỏ lỡ"
B36: 📊 CÔNG THỨC & PHÂN TÍCH TƯƠNG QUAN
B37: Phân tích | C37: Công thức Excel | D37: Diễn giải | E37: Ứng dụng | F37: Ngưỡng ý nghĩa
B38: Tương quan Hook vs CTR | C38: =CORREL('📋 Dữ liệu Video'!Q3:Q52,'🎬 Phân tích Phân cảnh'!L3:L52) | D38: r > 0.6 = Hook ảnh hưởng mạnh đến CTR. r < 0.3 = không tương quan. | E38: Nếu tương quan cao → ưu tiên đầu tư vào Hook hơn nội dung thân bài. | F38: r > 0.6 = tương quan cao
B39: Tương quan Completion Rate vs ER | C39: =CORREL('📋 Dữ liệu Video'!R3:R52,'📋 Dữ liệu Video'!S3:S52) | D39: Video được xem hết thường có ER cao hơn. Completion rate ảnh hưởng đến thuật toán. | E39: Nếu r > 0.7 → tập trung cải thiện khả năng giữ chân người xem. | F39: r > 0.5 = đáng chú ý
B40: Video viral tốt nhất | C40: =LARGE('⭐ Bảng Điểm Tổng hợp'!M6:M52,1) | D40: Tìm video có Điểm Tổng cao nhất để nhân bản công thức. | E40: Phân tích video top để tìm pattern: thể loại, thời lượng, sản phẩm... | F40: Top 20% video tạo ra 80% doanh thu
B41: Điểm trung bình theo sản phẩm | C41: =AVERAGEIF('📋 Dữ liệu Video'!H3:H52,"Tên SP",'⭐ Bảng Điểm Tổng hợp'!M6:M52) | D41: So sánh hiệu quả video theo từng sản phẩm. Sản phẩm nào có điểm cao nhất? | E41: Ưu tiên sản xuất content cho sản phẩm có điểm trung bình cao nhất. | F41: Chênh >1.5 điểm = đáng kể
B42: Xu hướng theo mùa | C42: =AVERAGEIFS(DiemTong,NgayDang,">=2026-01-01",NgayDang,"<=2026-03-31") | D42: So sánh điểm trung bình theo quý để tìm mùa bán hàng tốt nhất. | E42: Lên kế hoạch sản xuất content theo mùa cao điểm đã xác định. | F42: Chênh >15% là xu hướng rõ
B43: So sánh TikTok vs Facebook | C43: =AVERAGEIF('📋 Dữ liệu Video'!D3:D52,"TikTok",'⭐ Bảng Điểm Tổng hợp'!M6:M52)-AVERAGEIF('📋 Dữ liệu Video'!D3:D52,"Facebook Reels",'⭐ Bảng Điểm Tổng hợp'!M6:M52) | D43: Đo chênh lệch composite giữa 2 nền tảng trên cùng khung chấm điểm. | E43: Dùng để xem concept nào nên ưu tiên nhân bản sang Facebook hoặc giữ riêng cho TikTok. | F43: Nên so trong cùng sản phẩm/cùng loại quảng cáo
